"0","C","8","10","1","0","","0","","0","0","0","0","0","0","0","0","0","0"
"0","C","8","20","1","8","別途コメントあり","10","ﾍﾞｯﾄｺﾒﾝﾄｱﾘ","0","0","0","0","0","0","0","0","0","0"
"0","C","8","20","2","4","自費から","5","ｼﾞﾋｶﾗ","0","0","0","0","0","0","0","0","0","0"
"0","C","8","20","3","6","集団検診から","12","ｼｭｳﾀﾞﾝｹﾝｼﾝｶﾗ","0","0","0","0","0","0","0","0","0","0"
"0","C","8","20","4","9","後期高齢者検診から","15","ｺｳｷｺｳﾚｲｼｬｹﾝｼﾝｶﾗ","0","0","0","0","0","0","0","0","0","0"
"0","C","8","20","5","6","学校検診から","11","ｶﾞｯｺｳｹﾝｼﾝｶﾗ","0","0","0","0","0","0","0","0","0","0"
"0","C","8","20","6","6","健康診断から","11","ｹﾝｺｳｼﾝﾀﾞﾝｶﾗ","0","0","0","0","0","0","0","0","0","0"
"0","C","8","20","7","8","外来にて請求済み","15","ｶﾞｲﾗｲﾆﾃｾｲｷｭｳｽﾞﾐ","0","0","0","0","0","0","0","0","0","0"
"0","C","8","20","8","8","入院にて請求済み","15","ﾆｭｳｲﾝﾆﾃｾｲｷｭｳｽﾞﾐ","0","0","0","0","0","0","0","0","0","0"
"0","C","8","20","9","8","分院にて請求済み","15","ﾌﾞﾝｲﾝﾆﾃｾｲｷｭｳｽﾞﾐ","0","0","0","0","0","0","0","0","0","0"
"0","C","8","20","10","8","本院にて請求済み","14","ﾎﾝｲﾝﾆﾃｾｲｷｭｳｽﾞﾐ","0","0","0","0","0","0","0","0","0","0"
"0","C","8","20","11","8","他科にて請求済み","12","ﾀｶﾆﾃｾｲｷｭｳｽﾞﾐ","0","0","0","0","0","0","0","0","0","0"
"0","C","8","20","12","5","労災入院中","12","ﾛｳｻｲﾆｭｳｲﾝﾁｭｳ","0","0","0","0","0","0","0","0","0","0"
"0","C","8","20","13","5","自費入院中","11","ｼﾞﾋﾆｭｳｲﾝﾁｭｳ","0","0","0","0","0","0","0","0","0","0"
"0","C","8","20","14","7","生活保護受給者","15","ｾｲｶﾂﾎｺﾞｼﾞｭｷｭｳｼｬ","0","0","0","0","0","0","0","0","0","0"
"0","C","8","20","15","3","免税者","7","ﾒﾝｾﾞｲｼｬ","0","0","0","0","0","0","0","0","0","0"
"0","C","8","20","16","3","外国人","8","ｶﾞｲｺｸｼﾞﾝ","0","0","0","0","0","0","0","0","0","0"
"0","C","8","20","17","5","国保未加入","8","ｺｸﾎﾐｶﾆｭｳ","0","0","0","0","0","0","0","0","0","0"
"0","C","8","20","18","2","自費","3","ｼﾞﾋ","0","0","0","0","0","0","0","0","0","0"
"0","C","8","20","19","10","社会保険併用（本人）","11","ｼｬｶｲﾎｹﾝﾍｲﾖｳ","0","0","0","0","0","0","0","0","0","0"
"0","C","8","20","20","10","社会保険併用（家族）","11","ｼｬｶｲﾎｹﾝﾍｲﾖｳ","0","0","0","0","0","0","0","0","0","0"
"0","C","8","20","21","5","第三者行為","10","ﾀﾞｲｻﾝｼｬｺｳｲ","0","0","0","0","0","0","0","0","0","0"
"0","C","8","20","22","4","交通事故","7","ｺｳﾂｳｼﾞｺ","0","0","0","0","0","0","0","0","0","0"
"0","C","8","20","23","6","月遅れ請求分","13","ﾂｷｵｸﾚｾｲｷｭｳﾌﾞﾝ","0","0","0","0","0","0","0","0","0","0"
"0","C","8","20","25","15","完全抜歯が困難なため、抜歯中止","20","ｶﾝｾﾞﾝﾊﾞｯｼｶﾞｺﾝﾅﾝﾅﾀﾒﾊﾞ","0","0","0","0","0","0","0","0","0","0"
"0","C","8","20","27","6","残根上の義歯","13","ｻﾞﾝｺﾝｼﾞｮｳﾉｷﾞｼ","0","0","0","0","0","0","0","0","0","0"
"0","C","8","20","33","14","未来院請求後、装着料のみ請求","20","ﾐﾗｲｲﾝｾｲｷｭｳｺﾞｿｳﾁｬｸﾘｮｳ","0","0","0","0","0","0","0","0","0","0"
"0","C","8","20","34","4","複数窩洞","8","ﾌｸｽｳｶﾄﾞｳ","0","0","0","0","0","0","0","0","0","0"
"0","C","8","20","35","9","他保険にて請求済み","14","ﾀﾎｹﾝﾆﾃｾｲｷｭｳｽﾞﾐ","0","0","0","0","0","0","0","0","0","0"
"0","C","8","20","36","10","他保険者にて請求済み","16","ﾀﾎｹﾝｼｬﾆﾃｾｲｷｭｳｽﾞﾐ","0","0","0","0","0","0","0","0","0","0"
"0","C","8","20","37","13","自己注射に用いる注射薬投与","20","ｼﾞｺﾁｭｳｼｬﾆﾓﾁｲﾙﾁｭｳｼｬﾔｸ","0","0","0","0","0","0","0","0","0","0"
"0","C","8","20","38","20","自己連続携行式腹膜灌流に用いる注射薬投与","20","ｼﾞｺﾚﾝｿﾞｸｹｲｺｳｼｷﾌｸﾏｸｶﾝ","0","0","0","0","0","0","0","0","0","0"
"0","C","8","20","39","18","在宅中心静脈栄養法に用いる注射薬投与","20","ｻﾞｲﾀｸﾁｭｳｼﾝｼﾞｮｳﾐｬｸｴｲﾖ","0","0","0","0","0","0","0","0","0","0"
"0","C","8","20","40","7","訪問看護（腫）","8","ﾎｳﾓﾝｶﾝｺﾞ","0","0","0","0","0","0","0","0","0","0"
"0","C","8","20","41","6","（既存病床）","11","ｷｿﾞﾝﾋﾞｮｳｼｮｳ","0","0","0","0","0","0","0","0","0","0"
"0","C","8","20","42","4","新規指定","6","ｼﾝｷｼﾃｲ","0","0","0","0","0","0","0","0","0","0"
"0","C","8","20","43","7","改正前１類看護","14","ｶｲｾｲｾﾞﾝ1ﾙｲｶﾝｺﾞ","0","0","0","0","0","0","0","0","0","0"
"0","C","8","20","44","12","改正前結核・精神２類看護","20","ｶｲｾｲｾﾞﾝｹｯｶｸｾｲｼﾝ2ﾙｲｶﾝ","0","0","0","0","0","0","0","0","0","0"
"0","C","8","20","45","12","改正前結核・精神３類看護","20","ｶｲｾｲｾﾞﾝｹｯｶｸｾｲｼﾝ3ﾙｲｶﾝ","0","0","0","0","0","0","0","0","0","0"
"0","C","8","20","46","3","（サ）","1","ｻ","0","0","0","0","0","0","0","0","0","0"
"0","C","8","20","47","3","（減）","3","ｹﾞﾝ","0","0","0","0","0","0","0","0","0","0"
"0","C","8","20","48","4","前月算定","10","ｾﾞﾝｹﾞﾂｻﾝﾃｲ","0","0","0","0","0","0","0","0","0","0"
"0","C","8","20","49","8","他科にて徴収済み","13","ﾀｶﾆﾃﾁｮｳｼｭｳｽﾞﾐ","0","0","0","0","0","0","0","0","0","0"
"0","C","8","20","50","3","（介）","2","ｶｲ","0","0","0","0","0","0","0","0","0","0"
"0","C","8","20","51","4","（薬選）","4","ﾔｸｾﾝ","0","0","0","0","0","0","0","0","0","0"
"0","C","8","20","52","4","（器選）","3","ｷｾﾝ","0","0","0","0","0","0","0","0","0","0"
"0","C","8","20","53","4","（検選）","4","ｹﾝｾﾝ","0","0","0","0","0","0","0","0","0","0"
"0","C","8","20","54","5","（リハ選）","4","ﾘﾊｾﾝ","0","0","0","0","0","0","0","0","0","0"
"0","C","8","20","55","4","（精選）","4","ｾｲｾﾝ","0","0","0","0","0","0","0","0","0","0"
"0","C","8","20","56","4","画診共同","10","ｶﾞｼﾝｷｮｳﾄﾞｳ","0","0","0","0","0","0","0","0","0","0"
"0","C","8","20","94","4","（薬評）","5","ﾔｸﾋｮｳ","0","0","0","0","0","0","0","0","0","0"
"0","C","8","20","95","4","（器評）","4","ｷﾋｮｳ","0","0","0","0","0","0","0","0","0","0"
"0","C","8","20","96","16","　１　２４時間持続して点滴を実施","20","24ｼﾞｶﾝｼﾞｿﾞｸｼﾃﾃﾝﾃｷｦｼﾞ","0","0","0","0","0","0","0","0","0","0"
"0","C","8","20","97","17","　２　尿路感染症に対する治療を実施","20","ﾆｮｳﾛｶﾝｾﾝｼｮｳﾆﾀｲｽﾙﾁﾘｮｳ","0","0","0","0","0","0","0","0","0","0"
"0","C","8","20","98","24","　３　傷病等によりリハビリテーションが必要な状態","20","ｼｮｳﾋﾞｮｳﾄｳﾆﾖﾘﾘﾊﾋﾞﾘﾃｰｼ","0","0","0","0","0","0","0","0","0","0"
"0","C","8","20","99","25","　４　脱水に対する治療を実施、かつ、発熱を伴う状態","20","ﾀﾞｯｽｲﾆﾀｲｽﾙﾁﾘｮｳｦｼﾞｯｼｶ","0","0","0","0","0","0","0","0","0","0"
"0","C","8","20","100","20","　５　消化管等の体内からの出血が反復継続","20","ｼｮｳｶｶﾝﾄｳﾉﾀｲﾅｲｶﾗﾉｼｭｯｹ","0","0","0","0","0","0","0","0","0","0"
"0","C","8","20","101","28","　６　頻回の嘔吐に対する治療を実施、かつ、発熱を伴う状態","20","ﾋﾝｶｲﾉｵｳﾄﾆﾀｲｽﾙﾁﾘｮｳｦｼﾞ","0","0","0","0","0","0","0","0","0","0"
"0","C","8","20","102","15","　７　せん妄に対する治療を実施","18","ｾﾝﾓｳﾆﾀｲｽﾙﾁﾘｮｳｦｼﾞｯｼ","0","0","0","0","0","0","0","0","0","0"
"0","C","8","20","103","31","　８　経鼻胃管や経腸栄養が行われており、発熱又は嘔吐を伴う状態","20","ｹｲﾋﾞｲｶﾝﾔｹｲﾁｮｳｴｲﾖｳｶﾞｵ","0","0","0","0","0","0","0","0","0","0"
"0","C","8","20","104","13","　９　頻回の血糖検査を実施","17","ﾋﾝｶｲﾉｹｯﾄｳｹﾝｻｦｼﾞｯｼ","0","0","0","0","0","0","0","0","0","0"
"0","C","8","20","105","6","１０　スモン","3","ｽﾓﾝ","0","0","0","0","0","0","0","0","0","0"
"0","C","8","20","106","30","１１　重度の肢体不自由児（者）等（障害者施設等入院基本料）等","19","ｼﾞｭｳﾄﾞﾉｼﾀｲﾌｼﾞﾕｳｼﾞﾄｳ","0","0","0","0","0","0","0","0","0","0"
"0","C","8","20","107","27","１２　医師及び看護職員により、常時、監視及び管理を実施","20","ｲｼｵﾖﾋﾞｶﾝｺﾞｼｮｸｲﾝﾆﾖﾘｼﾞ","0","0","0","0","0","0","0","0","0","0"
"0","C","8","20","108","12","１３　中心静脈栄養を実施","20","ﾁｭｳｼﾝｼﾞｮｳﾐｬｸｴｲﾖｳｦｼﾞｯ","0","0","0","0","0","0","0","0","0","0"
"0","C","8","20","109","11","１４　人工呼吸器を使用","14","ｼﾞﾝｺｳｺｷｭｳｷｦｼﾖｳ","0","0","0","0","0","0","0","0","0","0"
"0","C","8","20","110","24","１５　ドレーン法又は胸腔若しくは腹腔の洗浄を実施","20","ﾄﾞﾚｰﾝﾎｳﾏﾀﾊｷｮｳｸｳﾓｼｸﾊﾌ","0","0","0","0","0","0","0","0","0","0"
"0","C","8","20","111","32","１６　気管切開又は気管内挿管が行われており、かつ、発熱を伴う状態","20","ｷｶﾝｾｯｶｲﾏﾀﾊｷｶﾝﾅｲｿｳｶﾝｶ","0","0","0","0","0","0","0","0","0","0"
"0","C","8","20","112","10","１７　酸素療法を実施","13","ｻﾝｿﾘｮｳﾎｳｦｼﾞｯｼ","0","0","0","0","0","0","0","0","0","0"
"0","C","8","20","113","25","１８　感染症の治療の必要性から隔離室での管理を実施","20","ｶﾝｾﾝｼｮｳﾉﾁﾘｮｳﾉﾋﾂﾖｳｾｲｶ","0","0","0","0","0","0","0","0","0","0"
"0","C","8","20","114","12","１９　筋ジストロフィー症","13","ｷﾝｼﾞｽﾄﾛﾌｨｰｼｮｳ","0","0","0","0","0","0","0","0","0","0"
"0","C","8","20","115","9","２０　多発性硬化症","11","ﾀﾊﾂｾｲｺｳｶｼｮｳ","0","0","0","0","0","0","0","0","0","0"
"0","C","8","20","116","12","２１　筋萎縮性側索硬化症","18","ｷﾝｲｼｭｸｾｲｿｸｻｸｺｳｶｼｮｳ","0","0","0","0","0","0","0","0","0","0"
"0","C","8","20","117","14","２２　パーキンソン病関連疾患","19","ﾊﾟｰｷﾝｿﾝﾋﾞｮｳｶﾝﾚﾝｼｯｶﾝ","0","0","0","0","0","0","0","0","0","0"
"0","C","8","20","118","19","２３　その他の難病（スモン等を除く。）","10","ｿﾉﾀﾉﾅﾝﾋﾞｮｳ","0","0","0","0","0","0","0","0","0","0"
"0","C","8","20","119","7","２４　脊髄損傷","10","ｾｷｽﾞｲｿﾝｼｮｳ","0","0","0","0","0","0","0","0","0","0"
"0","C","8","20","120","11","２５　慢性閉塞性肺疾患","16","ﾏﾝｾｲﾍｲｿｸｾｲﾊｲｼｯｶﾝ","0","0","0","0","0","0","0","0","0","0"
"0","C","8","20","121","31","２６　人工腎臓、持続緩徐式血液濾過、腹膜灌流又は血漿交換を実施","20","ｼﾞﾝｺｳｼﾞﾝｿﾞｳｼﾞｿﾞｸｶﾝｼﾞ","0","0","0","0","0","0","0","0","0","0"
"0","C","8","20","122","30","２７　重度の肢体不自由児（者）等（障害者施設等入院基本料）等","19","ｼﾞｭｳﾄﾞﾉｼﾀｲﾌｼﾞﾕｳｼﾞﾄｳ","0","0","0","0","0","0","0","0","0","0"
"0","C","8","20","123","26","２８　基本診療料の施設基準等の別表第五の三の三の患者","20","ｷﾎﾝｼﾝﾘｮｳﾘｮｳﾉｼｾﾂｷｼﾞｭﾝ","0","0","0","0","0","0","0","0","0","0"
"0","C","8","20","124","7","２９　悪性腫瘍","8","ｱｸｾｲｼｭﾖｳ","0","0","0","0","0","0","0","0","0","0"
"0","C","8","20","125","14","３０　肺炎に対する治療を実施","18","ﾊｲｴﾝﾆﾀｲｽﾙﾁﾘｮｳｦｼﾞｯｼ","0","0","0","0","0","0","0","0","0","0"
"0","C","8","20","126","14","３１　褥瘡に対する治療を実施","20","ｼﾞｮｸｿｳﾆﾀｲｽﾙﾁﾘｮｳｦｼﾞｯｼ","0","0","0","0","0","0","0","0","0","0"
"0","C","8","20","127","26","３２　末梢循環障害による下肢末端の開放創の治療を実施","20","ﾏｯｼｮｳｼﾞｭﾝｶﾝｼｮｳｶﾞｲﾆﾖﾙ","0","0","0","0","0","0","0","0","0","0"
"0","C","8","20","128","16","３３　うつ症状に対する治療を実施","20","ｳﾂｼｮｳｼﾞｮｳﾆﾀｲｽﾙﾁﾘｮｳｦｼ","0","0","0","0","0","0","0","0","0","0"
"0","C","8","20","129","21","３４　他者に対する暴行が毎日認められる状態","20","ﾀｼｬﾆﾀｲｽﾙﾎﾞｳｺｳｶﾞﾏｲﾆﾁﾐ","0","0","0","0","0","0","0","0","0","0"
"0","C","8","20","130","17","３５　１日８回以上の喀痰吸引を実施","20","ｲﾁﾆﾁﾊﾁｶｲｲｼﾞｮｳﾉｶｸﾀﾝｷｭ","0","0","0","0","0","0","0","0","0","0"
"0","C","8","20","131","23","３６　気管切開又は気管内挿管が行われている状態","20","ｷｶﾝｾｯｶｲﾏﾀﾊｷｶﾝﾅｲｿｳｶﾝｶ","0","0","0","0","0","0","0","0","0","0"
"0","C","8","20","132","31","３７　創傷、皮膚潰瘍又は蜂巣炎、膿等の感染症に対する治療を実施","20","ｿｳｼｮｳﾋﾌｶｲﾖｳﾏﾀﾊﾎｳｿｳｴﾝ","0","0","0","0","0","0","0","0","0","0"
"0","C","8","20","133","28","算定告示第１項第１号：　入院後２４時間以内に死亡した患者","20","ｻﾝﾃｲｺｸｼﾞﾀﾞｲ1ｺｳﾀﾞｲ1ｺﾞ","0","0","0","0","0","0","0","0","0","0"
"0","C","8","20","134","27","算定告示第１項第１号：　生後１週間以内に死亡した新生児","20","ｻﾝﾃｲｺｸｼﾞﾀﾞｲ1ｺｳﾀﾞｲ1ｺﾞ","0","0","0","0","0","0","0","0","0","0"
"0","C","8","20","135","19","算定告示第１項第２号：　治験の対象患者","20","ｻﾝﾃｲｺｸｼﾞﾀﾞｲ1ｺｳﾀﾞｲ2ｺﾞ","0","0","0","0","0","0","0","0","0","0"
"0","C","8","20","136","24","算定告示第１項第３号：　臓器の移植術を受ける患者","20","ｻﾝﾃｲｺｸｼﾞﾀﾞｲ1ｺｳﾀﾞｲ3ｺﾞ","0","0","0","0","0","0","0","0","0","0"
"0","C","8","20","137","27","算定告示第１項第４号：　先進医療である療養を受ける患者","20","ｻﾝﾃｲｺｸｼﾞﾀﾞｲ1ｺｳﾀﾞｲ4ｺﾞ","0","0","0","0","0","0","0","0","0","0"
"0","C","8","20","138","31","算定告示第１項第５号：　包括対象とならない入院料を算定する患者","20","ｻﾝﾃｲｺｸｼﾞﾀﾞｲ1ｺｳﾀﾞｲ5ｺﾞ","0","0","0","0","0","0","0","0","0","0"
"0","C","8","20","139","3","リソウ","3","ﾘｿｳ","0","0","0","0","0","0","0","0","0","0"
"0","C","8","20","140","4","義歯増歯","7","ｷﾞｼｿﾞｳｼ","0","0","0","0","0","0","0","0","0","0"
"0","C","8","20","141","5","１歯分間隙","10","1ｼﾌﾞﾝｶﾝｹﾞｷ","0","0","0","0","0","0","0","0","0","0"
"0","C","8","20","142","9","月の途中まで乳幼児","17","ﾂｷﾉﾄﾁｭｳﾏﾃﾞﾆｭｳﾖｳｼﾞ","0","0","0","0","0","0","0","0","0","0"
"0","C","8","20","143","4","（障害）","6","ｼｮｳｶﾞｲ","0","0","0","0","0","0","0","0","0","0"
"0","C","8","20","144","25","入院元　一般病棟（自院以外の急性期病院からの転院）","18","ﾆｭｳｲﾝﾓﾄｲｯﾊﾟﾝﾋﾞｮｳﾄｳ","0","0","0","0","0","0","0","0","0","0"
"0","C","8","20","145","23","入院元　一般病棟（自院の急性期病棟からの転棟）","18","ﾆｭｳｲﾝﾓﾄｲｯﾊﾟﾝﾋﾞｮｳﾄｳ","0","0","0","0","0","0","0","0","0","0"
"0","C","8","20","146","31","入院元　他の病棟（急性期医療を担う保険医療機関の一般病棟以外）","16","ﾆｭｳｲﾝﾓﾄﾎｶﾉﾋﾞｮｳﾄｳ","0","0","0","0","0","0","0","0","0","0"
"0","C","8","20","147","12","入院元　介護老人保健施設","20","ﾆｭｳｲﾝﾓﾄｶｲｺﾞﾛｳｼﾞﾝﾎｹﾝｼ","0","0","0","0","0","0","0","0","0","0"
"0","C","8","20","148","13","入院元　特別養護老人ホーム","20","ﾆｭｳｲﾝﾓﾄﾄｸﾍﾞﾂﾖｳｺﾞﾛｳｼﾞ","0","0","0","0","0","0","0","0","0","0"
"0","C","8","20","149","12","入院元　有料老人ホーム等","20","ﾆｭｳｲﾝﾓﾄﾕｳﾘｮｳﾛｳｼﾞﾝﾎｰﾑ","0","0","0","0","0","0","0","0","0","0"
"0","C","8","20","150","6","入院元　自宅","11","ﾆｭｳｲﾝﾓﾄｼﾞﾀｸ","0","0","0","0","0","0","0","0","0","0"
"0","C","8","20","151","22","退院先　一般病棟（急性期病棟への転院・転棟）","17","ﾀｲｲﾝｻｷｲｯﾊﾟﾝﾋﾞｮｳﾄｳ","0","0","0","0","0","0","0","0","0","0"
"0","C","8","20","152","31","退院先　他の病棟（急性期医療を担う保険医療機関の一般病棟以外）","15","ﾀｲｲﾝｻｷﾎｶﾉﾋﾞｮｳﾄｳ","0","0","0","0","0","0","0","0","0","0"
"0","C","8","20","153","12","退院先　介護老人保健施設","20","ﾀｲｲﾝｻｷｶｲｺﾞﾛｳｼﾞﾝﾎｹﾝｼｾ","0","0","0","0","0","0","0","0","0","0"
"0","C","8","20","154","13","退院先　特別養護老人ホーム","20","ﾀｲｲﾝｻｷﾄｸﾍﾞﾂﾖｳｺﾞﾛｳｼﾞﾝ","0","0","0","0","0","0","0","0","0","0"
"0","C","8","20","155","12","退院先　有料老人ホーム等","20","ﾀｲｲﾝｻｷﾕｳﾘｮｳﾛｳｼﾞﾝﾎｰﾑﾄ","0","0","0","0","0","0","0","0","0","0"
"0","C","8","20","156","6","退院先　自宅","10","ﾀｲｲﾝｻｷｼﾞﾀｸ","0","0","0","0","0","0","0","0","0","0"
"0","C","8","20","157","6","退院先　死亡","10","ﾀｲｲﾝｻｷｼﾎﾞｳ","0","0","0","0","0","0","0","0","0","0"
"0","C","8","20","158","30","９１　褥瘡に対する治療を実施している状態（３１の場合を除く）","20","ｼﾞｮｸｿｳﾆﾀｲｽﾙﾁﾘｮｳｦｼﾞｯｼ","0","0","0","0","0","0","0","0","0","0"
"0","C","8","20","159","14","９２　身体抑制を実施している","17","ｼﾝﾀｲﾖｸｾｲｦｼﾞｯｼｼﾃｲﾙ","0","0","0","0","0","0","0","0","0","0"
"0","C","8","20","160","14","９１　身体抑制を実施している","17","ｼﾝﾀｲﾖｸｾｲｦｼﾞｯｼｼﾃｲﾙ","0","0","0","0","0","0","0","0","0","0"
"0","C","8","20","161","32","医科点数表により算定する理由：　入院後２４時間以内に死亡した患者","20","ｲｶﾃﾝｽｳﾋｮｳﾆﾖﾘｻﾝﾃｲｽﾙﾘﾕ","0","0","0","0","0","0","0","0","0","0"
"0","C","8","20","162","31","医科点数表により算定する理由：　生後１週間以内に死亡した新生児","20","ｲｶﾃﾝｽｳﾋｮｳﾆﾖﾘｻﾝﾃｲｽﾙﾘﾕ","0","0","0","0","0","0","0","0","0","0"
"0","C","8","20","163","26","医科点数表により算定する理由：　評価療養を受ける患者","20","ｲｶﾃﾝｽｳﾋｮｳﾆﾖﾘｻﾝﾃｲｽﾙﾘﾕ","0","0","0","0","0","0","0","0","0","0"
"0","C","8","20","164","28","医科点数表により算定する理由：　臓器の移植術を受ける患者","20","ｲｶﾃﾝｽｳﾋｮｳﾆﾖﾘｻﾝﾃｲｽﾙﾘﾕ","0","0","0","0","0","0","0","0","0","0"
"0","C","8","20","165","32","医科点数表により算定する理由：　包括対象外の入院料を算定する患者","20","ｲｶﾃﾝｽｳﾋｮｳﾆﾖﾘｻﾝﾃｲｽﾙﾘﾕ","0","0","0","0","0","0","0","0","0","0"
"0","C","8","20","166","4","（精減）","5","ｾｲｹﾞﾝ","0","0","0","0","0","0","0","0","0","0"
"0","C","8","20","167","22","後発医薬品を調剤しなかった理由：　患者の意向","20","ｺｳﾊﾂｲﾔｸﾋﾝｦﾁｮｳｻﾞｲｼﾅｶｯ","0","0","0","0","0","0","0","0","0","0"
"0","C","8","20","168","24","後発医薬品を調剤しなかった理由：　保険薬局の備蓄","20","ｺｳﾊﾂｲﾔｸﾋﾝｦﾁｮｳｻﾞｲｼﾅｶｯ","0","0","0","0","0","0","0","0","0","0"
"0","C","8","20","169","24","後発医薬品を調剤しなかった理由：　後発医薬品なし","20","ｺｳﾊﾂｲﾔｸﾋﾝｦﾁｮｳｻﾞｲｼﾅｶｯ","0","0","0","0","0","0","0","0","0","0"
"0","C","8","20","170","20","後発医薬品を調剤しなかった理由：　その他","20","ｺｳﾊﾂｲﾔｸﾋﾝｦﾁｮｳｻﾞｲｼﾅｶｯ","0","0","0","0","0","0","0","0","0","0"
"0","C","8","20","171","4","（加評）","4","ｶﾋｮｳ","0","0","0","0","0","0","0","0","0","0"
"0","C","8","20","172","8","ファイバーポスト","10","ﾌｧｲﾊﾞｰﾎﾟｽﾄ","0","0","0","0","0","0","0","0","0","0"
"3","C","8","20","173","11","ＡＤＬ合計得点　　０点","15","ADLｺﾞｳｹｲﾄｸﾃﾝ0ﾃﾝ","0","0","0","0","0","0","0","0","0","0"
"3","C","8","20","174","11","ＡＤＬ合計得点　　１点","15","ADLｺﾞｳｹｲﾄｸﾃﾝ1ﾃﾝ","0","0","0","0","0","0","0","0","0","0"
"3","C","8","20","175","11","ＡＤＬ合計得点　　２点","15","ADLｺﾞｳｹｲﾄｸﾃﾝ2ﾃﾝ","0","0","0","0","0","0","0","0","0","0"
"3","C","8","20","176","11","ＡＤＬ合計得点　　３点","15","ADLｺﾞｳｹｲﾄｸﾃﾝ3ﾃﾝ","0","0","0","0","0","0","0","0","0","0"
"3","C","8","20","177","11","ＡＤＬ合計得点　　４点","15","ADLｺﾞｳｹｲﾄｸﾃﾝ4ﾃﾝ","0","0","0","0","0","0","0","0","0","0"
"3","C","8","20","178","11","ＡＤＬ合計得点　　５点","15","ADLｺﾞｳｹｲﾄｸﾃﾝ5ﾃﾝ","0","0","0","0","0","0","0","0","0","0"
"3","C","8","20","179","11","ＡＤＬ合計得点　　６点","15","ADLｺﾞｳｹｲﾄｸﾃﾝ6ﾃﾝ","0","0","0","0","0","0","0","0","0","0"
"3","C","8","20","180","11","ＡＤＬ合計得点　　７点","15","ADLｺﾞｳｹｲﾄｸﾃﾝ7ﾃﾝ","0","0","0","0","0","0","0","0","0","0"
"3","C","8","20","181","11","ＡＤＬ合計得点　　８点","15","ADLｺﾞｳｹｲﾄｸﾃﾝ8ﾃﾝ","0","0","0","0","0","0","0","0","0","0"
"3","C","8","20","182","11","ＡＤＬ合計得点　　９点","15","ADLｺﾞｳｹｲﾄｸﾃﾝ9ﾃﾝ","0","0","0","0","0","0","0","0","0","0"
"3","C","8","20","183","11","ＡＤＬ合計得点　１０点","16","ADLｺﾞｳｹｲﾄｸﾃﾝ10ﾃﾝ","0","0","0","0","0","0","0","0","0","0"
"3","C","8","20","184","11","ＡＤＬ合計得点　１１点","16","ADLｺﾞｳｹｲﾄｸﾃﾝ11ﾃﾝ","0","0","0","0","0","0","0","0","0","0"
"3","C","8","20","185","11","ＡＤＬ合計得点　１２点","16","ADLｺﾞｳｹｲﾄｸﾃﾝ12ﾃﾝ","0","0","0","0","0","0","0","0","0","0"
"3","C","8","20","186","11","ＡＤＬ合計得点　１３点","16","ADLｺﾞｳｹｲﾄｸﾃﾝ13ﾃﾝ","0","0","0","0","0","0","0","0","0","0"
"3","C","8","20","187","11","ＡＤＬ合計得点　１４点","16","ADLｺﾞｳｹｲﾄｸﾃﾝ14ﾃﾝ","0","0","0","0","0","0","0","0","0","0"
"3","C","8","20","188","11","ＡＤＬ合計得点　１５点","16","ADLｺﾞｳｹｲﾄｸﾃﾝ15ﾃﾝ","0","0","0","0","0","0","0","0","0","0"
"3","C","8","20","189","11","ＡＤＬ合計得点　１６点","16","ADLｺﾞｳｹｲﾄｸﾃﾝ16ﾃﾝ","0","0","0","0","0","0","0","0","0","0"
"3","C","8","20","190","11","ＡＤＬ合計得点　１７点","16","ADLｺﾞｳｹｲﾄｸﾃﾝ17ﾃﾝ","0","0","0","0","0","0","0","0","0","0"
"3","C","8","20","191","11","ＡＤＬ合計得点　１８点","16","ADLｺﾞｳｹｲﾄｸﾃﾝ18ﾃﾝ","0","0","0","0","0","0","0","0","0","0"
"3","C","8","20","192","11","ＡＤＬ合計得点　１９点","16","ADLｺﾞｳｹｲﾄｸﾃﾝ19ﾃﾝ","0","0","0","0","0","0","0","0","0","0"
"3","C","8","20","193","11","ＡＤＬ合計得点　２０点","16","ADLｺﾞｳｹｲﾄｸﾃﾝ20ﾃﾝ","0","0","0","0","0","0","0","0","0","0"
"3","C","8","20","194","11","ＡＤＬ合計得点　２１点","16","ADLｺﾞｳｹｲﾄｸﾃﾝ21ﾃﾝ","0","0","0","0","0","0","0","0","0","0"
"3","C","8","20","195","11","ＡＤＬ合計得点　２２点","16","ADLｺﾞｳｹｲﾄｸﾃﾝ22ﾃﾝ","0","0","0","0","0","0","0","0","0","0"
"3","C","8","20","196","11","ＡＤＬ合計得点　２３点","16","ADLｺﾞｳｹｲﾄｸﾃﾝ23ﾃﾝ","0","0","0","0","0","0","0","0","0","0"
"3","C","8","20","197","11","ＡＤＬ合計得点　２４点","16","ADLｺﾞｳｹｲﾄｸﾃﾝ24ﾃﾝ","0","0","0","0","0","0","0","0","0","0"
"3","C","8","20","198","16","ＡＤＬａ　ベッド上の可動性　０点","20","ADLaﾍﾞｯﾄｼﾞｮｳﾉｶﾄﾞｳｾｲ0","0","0","0","0","0","0","0","0","0","0"
"3","C","8","20","199","16","ＡＤＬａ　ベッド上の可動性　１点","20","ADLaﾍﾞｯﾄｼﾞｮｳﾉｶﾄﾞｳｾｲ1","0","0","0","0","0","0","0","0","0","0"
"3","C","8","20","200","16","ＡＤＬａ　ベッド上の可動性　２点","20","ADLaﾍﾞｯﾄｼﾞｮｳﾉｶﾄﾞｳｾｲ2","0","0","0","0","0","0","0","0","0","0"
"3","C","8","20","201","16","ＡＤＬａ　ベッド上の可動性　３点","20","ADLaﾍﾞｯﾄｼﾞｮｳﾉｶﾄﾞｳｾｲ3","0","0","0","0","0","0","0","0","0","0"
"3","C","8","20","202","16","ＡＤＬａ　ベッド上の可動性　４点","20","ADLaﾍﾞｯﾄｼﾞｮｳﾉｶﾄﾞｳｾｲ4","0","0","0","0","0","0","0","0","0","0"
"3","C","8","20","203","16","ＡＤＬａ　ベッド上の可動性　５点","20","ADLaﾍﾞｯﾄｼﾞｮｳﾉｶﾄﾞｳｾｲ5","0","0","0","0","0","0","0","0","0","0"
"3","C","8","20","204","16","ＡＤＬａ　ベッド上の可動性　６点","20","ADLaﾍﾞｯﾄｼﾞｮｳﾉｶﾄﾞｳｾｲ6","0","0","0","0","0","0","0","0","0","0"
"3","C","8","20","205","10","ＡＤＬｂ　移乗　０点","12","ADLbｲｼﾞｮｳ0ﾃﾝ","0","0","0","0","0","0","0","0","0","0"
"3","C","8","20","206","10","ＡＤＬｂ　移乗　１点","12","ADLbｲｼﾞｮｳ1ﾃﾝ","0","0","0","0","0","0","0","0","0","0"
"3","C","8","20","207","10","ＡＤＬｂ　移乗　２点","12","ADLbｲｼﾞｮｳ2ﾃﾝ","0","0","0","0","0","0","0","0","0","0"
"3","C","8","20","208","10","ＡＤＬｂ　移乗　３点","12","ADLbｲｼﾞｮｳ3ﾃﾝ","0","0","0","0","0","0","0","0","0","0"
"3","C","8","20","209","10","ＡＤＬｂ　移乗　４点","12","ADLbｲｼﾞｮｳ4ﾃﾝ","0","0","0","0","0","0","0","0","0","0"
"3","C","8","20","210","10","ＡＤＬｂ　移乗　５点","12","ADLbｲｼﾞｮｳ5ﾃﾝ","0","0","0","0","0","0","0","0","0","0"
"3","C","8","20","211","10","ＡＤＬｂ　移乗　６点","12","ADLbｲｼﾞｮｳ6ﾃﾝ","0","0","0","0","0","0","0","0","0","0"
"3","C","8","20","212","10","ＡＤＬｃ　食事　０点","12","ADLcｼｮｸｼﾞ0ﾃﾝ","0","0","0","0","0","0","0","0","0","0"
"3","C","8","20","213","10","ＡＤＬｃ　食事　１点","12","ADLcｼｮｸｼﾞ1ﾃﾝ","0","0","0","0","0","0","0","0","0","0"
"3","C","8","20","214","10","ＡＤＬｃ　食事　２点","12","ADLcｼｮｸｼﾞ2ﾃﾝ","0","0","0","0","0","0","0","0","0","0"
"3","C","8","20","215","10","ＡＤＬｃ　食事　３点","12","ADLcｼｮｸｼﾞ3ﾃﾝ","0","0","0","0","0","0","0","0","0","0"
"3","C","8","20","216","10","ＡＤＬｃ　食事　４点","12","ADLcｼｮｸｼﾞ4ﾃﾝ","0","0","0","0","0","0","0","0","0","0"
"3","C","8","20","217","10","ＡＤＬｃ　食事　５点","12","ADLcｼｮｸｼﾞ5ﾃﾝ","0","0","0","0","0","0","0","0","0","0"
"3","C","8","20","218","10","ＡＤＬｃ　食事　６点","12","ADLcｼｮｸｼﾞ6ﾃﾝ","0","0","0","0","0","0","0","0","0","0"
"3","C","8","20","219","14","ＡＤＬｄ　トイレの使用　０点","14","ADLdﾄｲﾚﾉｼﾖｳ0ﾃﾝ","0","0","0","0","0","0","0","0","0","0"
"3","C","8","20","220","14","ＡＤＬｄ　トイレの使用　１点","14","ADLdﾄｲﾚﾉｼﾖｳ1ﾃﾝ","0","0","0","0","0","0","0","0","0","0"
"3","C","8","20","221","14","ＡＤＬｄ　トイレの使用　２点","14","ADLdﾄｲﾚﾉｼﾖｳ2ﾃﾝ","0","0","0","0","0","0","0","0","0","0"
"3","C","8","20","222","14","ＡＤＬｄ　トイレの使用　３点","14","ADLdﾄｲﾚﾉｼﾖｳ3ﾃﾝ","0","0","0","0","0","0","0","0","0","0"
"3","C","8","20","223","14","ＡＤＬｄ　トイレの使用　４点","14","ADLdﾄｲﾚﾉｼﾖｳ4ﾃﾝ","0","0","0","0","0","0","0","0","0","0"
"3","C","8","20","224","14","ＡＤＬｄ　トイレの使用　５点","14","ADLdﾄｲﾚﾉｼﾖｳ5ﾃﾝ","0","0","0","0","0","0","0","0","0","0"
"3","C","8","20","225","14","ＡＤＬｄ　トイレの使用　６点","14","ADLdﾄｲﾚﾉｼﾖｳ6ﾃﾝ","0","0","0","0","0","0","0","0","0","0"
"3","C","8","20","226","4","（体評）","5","ﾀｲﾋｮｳ","0","0","0","0","0","0","0","0","0","0"
"3","C","8","20","227","26","７０枚を超えて湿布薬を処方：処方せんの記載により確認","20","70ﾏｲｦｺｴﾃｼｯﾌﾟﾔｸｦｼｮﾎｳｼ","0","0","0","0","0","0","0","0","0","0"
"3","C","8","20","228","23","７０枚を超えて湿布薬を処方：疑義照会により確認","20","70ﾏｲｦｺｴﾃｼｯﾌﾟﾔｸｦｼｮﾎｳｷ","0","0","0","0","0","0","0","0","0","0"
"3","C","8","20","229","25","１７　酸素療法を実施（密度の高い治療を要する状態）","13","ｻﾝｿﾘｮｳﾎｳｦｼﾞｯｼ","0","0","0","0","0","0","0","0","0","0"
"3","C","8","20","230","11","１９　筋ジストロフィー","10","ｷﾝｼﾞｽﾄﾛﾌｨｰ","0","0","0","0","0","0","0","0","0","0"
"3","C","8","20","231","30","２３　その他の指定難病等（スモン、筋ジストロフィー等を除く）","15","ｿﾉﾀﾉｼﾃｲﾅﾝﾋﾞｮｳﾄｳ","0","0","0","0","0","0","0","0","0","0"
"3","C","8","20","232","28","３８　酸素療法を実施（密度の高い治療を要する状態を除く）","13","ｻﾝｿﾘｮｳﾎｳｦｼﾞｯｼ","0","0","0","0","0","0","0","0","0","0"
"0","C","8","30","2","9","保険種別等変更：　","14","ﾎｹﾝｼｭﾍﾞﾂﾄｳﾍﾝｺｳ","0","0","0","0","0","0","0","0","0","0"
"0","C","8","30","5","7","腎提供者名：　","12","ｼﾞﾝﾃｲｷｮｳｼｬﾒｲ","0","0","0","0","0","0","0","0","0","0"
"0","C","8","30","6","8","骨髄提供者名：　","14","ｺﾂｽﾞｲﾃｲｷｮｳｼｬﾒｲ","0","0","0","0","0","0","0","0","0","0"
"0","C","8","30","7","11","高度先進医療の名称：　","18","ｺｳﾄﾞｾﾝｼﾝｲﾘｮｳﾉﾒｲｼｮｳ","0","0","0","0","0","0","0","0","0","0"
"0","C","8","30","9","16","有床義歯６ヵ月以内再作製理由：","20","ﾕｳｼｮｳｷﾞｼ6ｶｹﾞﾂｲﾅｲｻｲｻｸ","0","0","0","0","0","0","0","0","0","0"
"0","C","8","30","10","7","撤去装置名：","9","ﾃｯｷｮｿｳﾁﾒｲ","0","0","0","0","0","0","0","0","0","0"
"0","C","8","30","14","11","血中濃度測定薬剤名：　","20","ｹｯﾁｭｳﾉｳﾄﾞｿｸﾃｲﾔｸｻﾞｲﾒｲ","0","0","0","0","0","0","0","0","0","0"
"0","C","8","30","15","11","腫瘍マーカー検査名：　","13","ｼｭﾖｳﾏｰｶｰｹﾝｻﾒｲ","0","0","0","0","0","0","0","0","0","0"
"0","C","8","30","19","8","神経破壊剤名：　","12","ｼﾝｹｲﾊｶｲｻﾞｲﾒｲ","0","0","0","0","0","0","0","0","0","0"
"0","C","8","30","20","8","初診料算定科：　","12","ｼｮｼﾝﾘｮｳｻﾝﾃｲｶ","0","0","0","0","0","0","0","0","0","0"
"0","C","8","30","21","8","再診料算定科：　","12","ｻｲｼﾝﾘｮｳｻﾝﾃｲｶ","0","0","0","0","0","0","0","0","0","0"
"0","C","8","30","22","28","障害老人の日常生活自立度（寝たきり度）判定基準ランク：　","20","ｼｮｳｶﾞｲﾛｳｼﾞﾝﾉﾆﾁｼﾞｮｳｾｲ","0","0","0","0","0","0","0","0","0","0"
"0","C","8","30","23","7","専門医氏名：　","8","ｾﾝﾓﾝｲｼﾒｲ","0","0","0","0","0","0","0","0","0","0"
"0","C","8","30","24","9","複初算定診療科：　","14","ﾌｸｼｮｻﾝﾃｲｼﾝﾘｮｳｶ","0","0","0","0","0","0","0","0","0","0"
"0","C","8","30","25","11","外来診療料包括検査：　","20","ｶﾞｲﾗｲｼﾝﾘｮｳﾘｮｳﾎｳｶﾂｹﾝｻ","0","0","0","0","0","0","0","0","0","0"
"0","C","8","30","26","7","肺提供者名：　","11","ﾊｲﾃｲｷｮｳｼｬﾒｲ","0","0","0","0","0","0","0","0","0","0"
"0","C","8","30","27","9","先進医療の名称：　","14","ｾﾝｼﾝｲﾘｮｳﾉﾒｲｼｮｳ","0","0","0","0","0","0","0","0","0","0"
"0","C","8","30","28","5","薬剤名：　","7","ﾔｸｻﾞｲﾒｲ","0","0","0","0","0","0","0","0","0","0"
"0","C","8","30","29","12","算定告示第１項第６号：　","20","ｻﾝﾃｲｺｸｼﾞﾀﾞｲ1ｺｳﾀﾞｲ6ｺﾞ","0","0","0","0","0","0","0","0","0","0"
"0","C","8","30","30","7","処方医氏名：　","8","ｼｮﾎｳｲｼﾒｲ","0","0","0","0","0","0","0","0","0","0"
"0","C","8","30","31","8","保険医療機関：　","10","ﾎｹﾝｲﾘｮｳｷｶﾝ","0","0","0","0","0","0","0","0","0","0"
"0","C","8","30","32","7","保険医氏名：　","7","ﾎｹﾝｲｼﾒｲ","0","0","0","0","0","0","0","0","0","0"
"0","C","8","30","33","7","看護師氏名：　","8","ｶﾝｺﾞｼｼﾒｲ","0","0","0","0","0","0","0","0","0","0"
"0","C","8","30","34","8","准看護師氏名：　","12","ｼﾞｭﾝｶﾝｺﾞｼｼﾒｲ","0","0","0","0","0","0","0","0","0","0"
"0","C","8","30","35","11","入院先保険医療機関：　","17","ﾆｭｳｲﾝｻｷﾎｹﾝｲﾘｮｳｷｶﾝ","0","0","0","0","0","0","0","0","0","0"
"0","C","8","30","36","12","在宅医療保険医療機関：　","19","ｻﾞｲﾀｸｲﾘｮｳﾎｹﾝｲﾘｮｳｷｶﾝ","0","0","0","0","0","0","0","0","0","0"
"0","C","8","30","37","11","在宅医療保険医氏名：　","16","ｻﾞｲﾀｸｲﾘｮｳﾎｹﾝｲｼﾒｲ","0","0","0","0","0","0","0","0","0","0"
"0","C","8","30","38","11","在宅医療看護師氏名：　","17","ｻﾞｲﾀｸｲﾘｮｳｶﾝｺﾞｼｼﾒｲ","0","0","0","0","0","0","0","0","0","0"
"0","C","8","30","39","12","在宅医療准看護師氏名：　","20","ｻﾞｲﾀｸｲﾘｮｳｼﾞｭﾝｶﾝｺﾞｼｼﾒ","0","0","0","0","0","0","0","0","0","0"
"0","C","8","30","40","8","除去内容物名：","14","ｼﾞｮｷｮﾅｲﾖｳﾌﾞﾂﾒｲ","0","0","0","0","0","0","0","0","0","0"
"0","C","8","30","41","8","医療機関コード：","11","ｲﾘｮｳｷｶﾝｺｰﾄﾞ","0","0","0","0","0","0","0","0","0","0"
"0","C","8","30","42","5","都道府県：","7","ﾄﾄﾞｳﾌｹﾝ","0","0","0","0","0","0","0","0","0","0"
"0","C","8","30","43","8","紹介元医療機関：","14","ｼｮｳｶｲﾓﾄｲﾘｮｳｷｶﾝ","0","0","0","0","0","0","0","0","0","0"
"0","C","8","30","44","6","染色抗体数：","11","ｾﾝｼｮｸｺｳﾀｲｽｳ","0","0","0","0","0","0","0","0","0","0"
"0","C","8","30","45","4","ＢＭＩ：","3","BMI","0","0","0","0","0","0","0","0","0","0"
"0","C","8","30","46","10","強度行動障害スコア：","19","ｷｮｳﾄﾞｺｳﾄﾞｳｼｮｳｶﾞｲｽｺｱ","0","0","0","0","0","0","0","0","0","0"
"0","C","8","30","47","9","医療度判定スコア：","13","ｲﾘｮｳﾄﾞﾊﾝﾃｲｽｺｱ","0","0","0","0","0","0","0","0","0","0"
"0","C","8","30","48","17","次の診断群分類区分に該当する患者：","20","ﾂｷﾞﾉｼﾝﾀﾞﾝｸﾞﾝﾌﾞﾝﾙｲｸﾌﾞ","0","0","0","0","0","0","0","0","0","0"
"0","C","8","30","49","8","サポート薬局名：","12","ｻﾎﾟｰﾄﾔｯｷｮｸﾒｲ","0","0","0","0","0","0","0","0","0","0"
"0","C","8","30","50","15","医科点数表により算定する理由：","20","ｲｶﾃﾝｽｳﾋｮｳﾆﾖﾘｻﾝﾃｲｽﾙﾘﾕ","0","0","0","0","0","0","0","0","0","0"
"0","C","8","30","51","9","複再算定診療科：　","14","ﾌｸｻｲｻﾝﾃｲｼﾝﾘｮｳｶ","0","0","0","0","0","0","0","0","0","0"
"3","C","8","30","52","18","７０枚を超えて湿布薬を投与した理由：","20","70ﾏｲｦｺｴﾃｼｯﾌﾟﾔｸｦﾄｳﾖｼﾀ","0","0","0","0","0","0","0","0","0","0"
"0","C","8","40","1","9","電話再診（　　回）","8","ﾃﾞﾝﾜｻｲｼﾝ","6","2","0","0","0","0","0","0","0","0"
"0","C","8","40","3","11","　　月　　日まで乳幼児","7","ﾆｭｳﾖｳｼﾞ","1","2","4","2","0","0","0","0","0","0"
"0","C","8","40","4","10","　　月　　日まで幼児","4","ﾖｳｼﾞ","1","2","4","2","0","0","0","0","0","0"
"0","C","8","40","5","22","小児特定第１回目カウンセリング　　　月　　日","20","ｼｮｳﾆﾄｸﾃｲﾀﾞｲ1ｶｲﾒｶｳﾝｾﾘ","17","2","20","2","0","0","0","0","0","0"
"0","C","8","40","6","10","退院時　　　日分投薬","10","ﾀｲｲﾝｼﾞﾄｳﾔｸ","5","2","0","0","0","0","0","0","0","0"
"0","C","8","40","7","17","人工腎臓導入期　　　年　　月　　日","18","ｼﾞﾝｺｳｼﾞﾝｿﾞｳﾄﾞｳﾆｭｳｷ","9","2","12","2","15","2","0","0","0","0"
"0","C","8","40","8","22","連続携行式腹膜灌流導入期　　　年　　月　　日","20","ﾚﾝｿﾞｸｹｲｺｳｼｷﾌｸﾏｸｶﾝﾘｭｳ","14","2","17","2","20","2","0","0","0","0"
"0","C","8","40","11","20","傷病手当金意見書交付　　　年　　月　　日","20","ｼｮｳﾋﾞｮｳﾃｱﾃｷﾝｲｹﾝｼｮｺｳﾌ","12","2","15","2","18","2","0","0","0","0"
"0","C","8","40","12","24","（相続）傷病手当金意見書交付　　　年　　月　　日","20","ｼｮｳﾋﾞｮｳﾃｱﾃｷﾝｲｹﾝｼｮｺｳﾌ","16","2","19","2","22","2","0","0","0","0"
"0","C","8","40","13","13","退　院　　　年　　月　　日","4","ﾀｲｲﾝ","5","2","8","2","11","2","0","0","0","0"
"0","C","8","40","14","13","再入院　　　年　　月　　日","7","ｻｲﾆｭｳｲﾝ","5","2","8","2","11","2","0","0","0","0"
"0","C","8","40","15","6","外泊　　　日","5","ｶﾞｲﾊｸ","4","2","0","0","0","0","0","0","0","0"
"0","C","8","40","16","10","外泊　　　日〜　　日","5","ｶﾞｲﾊｸ","4","2","8","2","0","0","0","0","0","0"
"0","C","8","40","18","12","（重環）　　　日〜　　日","6","ｼﾞｭｳｶﾝ","6","2","10","2","0","0","0","0","0","0"
"0","C","8","40","19","12","出生時体重（　　　　ｇ）","13","ｼｭｯｾｲｼﾞﾀｲｼﾞｭｳ","7","4","0","0","0","0","0","0","0","0"
"0","C","8","40","20","18","救急医療管理入院　　　年　　月　　日","18","ｷｭｳｷｭｳｲﾘｮｳｶﾝﾘﾆｭｳｲﾝ","10","2","13","2","16","2","0","0","0","0"
"0","C","8","40","21","16","救命救急入院　　　年　　月　　日","16","ｷｭｳﾒｲｷｭｳｷｭｳﾆｭｳｲﾝ","8","2","11","2","14","2","0","0","0","0"
"0","C","8","40","22","21","前回歯科矯正診断料算定　　　年　　月　　日","20","ｾﾞﾝｶｲｼｶｷｮｳｾｲｼﾝﾀﾞﾝﾘｮｳ","13","2","16","2","19","2","0","0","0","0"
"0","C","8","40","23","19","歯科矯正管理料算定　　　年　　月　　日","17","ｼｶｷｮｳｾｲｶﾝﾘﾘｮｳｻﾝﾃｲ","11","2","14","2","17","2","0","0","0","0"
"0","C","8","40","24","16","動的処置算定　　　年　　月　　日","12","ﾄﾞｳﾃｷｼｮﾁｻﾝﾃｲ","8","2","11","2","14","2","0","0","0","0"
"0","C","8","40","25","16","動的処置開始　　　年　　月　　日","11","ﾄﾞｳﾃｷｼｮﾁｶｲｼ","8","2","11","2","14","2","0","0","0","0"
"0","C","8","40","26","21","マルチブラケット法開始　　　年　　月　　日","14","ﾏﾙﾁﾌﾞﾗｹｯﾄﾎｳｶｲｼ","13","2","16","2","19","2","0","0","0","0"
"0","C","8","40","28","16","時間外　　　月　　日　　時　　分","7","ｼﾞｶﾝｶﾞｲ","5","2","8","2","11","2","14","2","0","0"
"0","C","8","40","29","18","時間外特例　　　月　　日　　時　　分","11","ｼﾞｶﾝｶﾞｲﾄｸﾚｲ","7","2","10","2","13","2","16","2","0","0"
"0","C","8","40","30","9","休日　　　月　　日","6","ｷｭｳｼﾞﾂ","4","2","7","2","0","0","0","0","0","0"
"0","C","8","40","31","15","深夜　　　月　　日　　時　　分","3","ｼﾝﾔ","4","2","7","2","10","2","13","2","0","0"
"0","C","8","40","32","15","血糖自己測定の回数（　　　回）","16","ｹｯﾄｳｼﾞｺｿｸﾃｲﾉｶｲｽｳ","11","3","0","0","0","0","0","0","0","0"
"0","C","8","40","33","32","入院時一部負担金減額認定証（有効期間の始期）　　　年　　月　　日","20","ﾆｭｳｲﾝｼﾞｲﾁﾌﾞﾌﾀﾝｷﾝｹﾞﾝｶ","24","2","27","2","30","2","0","0","0","0"
"0","C","8","40","34","17","骨髄移植実施日　　　年　　月　　日","15","ｺﾂｽﾞｲｲｼｮｸｼﾞｯｼﾋﾞ","9","2","12","2","15","2","0","0","0","0"
"0","C","8","40","38","20","特定薬剤治療管理料初回算定　　　年　　月","20","ﾄｸﾃｲﾔｸｻﾞｲﾁﾘｮｳｶﾝﾘﾘｮｳｼ","15","2","18","2","0","0","0","0","0","0"
"0","C","8","40","39","6","往診　　　日","4","ｵｳｼﾝ","4","2","0","0","0","0","0","0","0","0"
"0","C","8","40","40","9","薬剤支給　　　日分","9","ﾔｸｻﾞｲｼｷｭｳ","6","2","0","0","0","0","0","0","0","0"
"0","C","8","40","41","17","在宅自己腹膜灌流指導管理（　　回）","20","ｻﾞｲﾀｸｼﾞｺﾌｸﾏｸｶﾝﾘｭｳｼﾄﾞ","14","2","0","0","0","0","0","0","0","0"
"0","C","8","40","42","6","手術　　　日","6","ｼｭｼﾞｭﾂ","4","2","0","0","0","0","0","0","0","0"
"0","C","8","40","43","10","植皮の範囲（　　％）","8","ｼｮｸﾋﾉﾊﾝｲ","7","2","0","0","0","0","0","0","0","0"
"0","C","8","40","44","11","（緊検）　　　日　　時","4","ｷﾝｹﾝ","6","2","9","2","0","0","0","0","0","0"
"0","C","8","40","45","9","発症　　　月　　日","5","ﾊｯｼｮｳ","4","2","7","2","0","0","0","0","0","0"
"0","C","8","40","46","13","通院精神療法実施　　　　分","17","ﾂｳｲﾝｾｲｼﾝﾘｮｳﾎｳｼﾞｯｼ","10","3","0","0","0","0","0","0","0","0"
"0","C","8","40","47","13","心身医学療法実施　　　　分","17","ｼﾝｼﾝｲｶﾞｸﾘｮｳﾎｳｼﾞｯｼ","10","3","0","0","0","0","0","0","0","0"
"0","C","8","40","49","12","（精隔）　　　日〜　　日","4","ｾｲｶｸ","6","2","10","2","0","0","0","0","0","0"
"0","C","8","40","50","17","退院患者継続訪問指導料算定　　　日","20","ﾀｲｲﾝｶﾝｼﾞｬｹｲｿﾞｸﾎｳﾓﾝｼﾄ","15","2","0","0","0","0","0","0","0","0"
"0","C","8","40","51","15","退院時共同指導加算算定　　　日","20","ﾀｲｲﾝｼﾞｷｮｳﾄﾞｳｼﾄﾞｳｶｻﾝｻ","13","2","0","0","0","0","0","0","0","0"
"0","C","8","40","52","13","診療情報提供料算定　　　日","20","ｼﾝﾘｮｳｼﾞｮｳﾎｳﾃｲｷｮｳﾘｮｳｻ","11","2","0","0","0","0","0","0","0","0"
"0","C","8","40","53","12","退院時指導料算定　　　日","17","ﾀｲｲﾝｼﾞｼﾄﾞｳﾘｮｳｻﾝﾃｲ","10","2","0","0","0","0","0","0","0","0"
"0","C","8","40","54","9","（退リハ）　　　日","4","ﾀｲﾘﾊ","7","2","0","0","0","0","0","0","0","0"
"0","C","8","40","55","14","退院前訪問指導料算定　　　日","20","ﾀｲｲﾝｾﾞﾝﾎｳﾓﾝｼﾄﾞｳﾘｮｳｻﾝ","12","2","0","0","0","0","0","0","0","0"
"0","C","8","40","56","14","算定開始　　　年　　月　　日","7","ｻﾝﾃｲｶｲｼ","6","2","9","2","12","2","0","0","0","0"
"0","C","8","40","57","8","病棟移動　　　日","10","ﾋﾞｮｳﾄｳｲﾄﾞｳ","6","2","0","0","0","0","0","0","0","0"
"0","C","8","40","58","4","　　　日","2","ﾆﾁ","2","2","0","0","0","0","0","0","0","0"
"0","C","8","40","59","7","　　　月　　日","5","ｶﾞｯﾋﾟ","2","2","5","2","0","0","0","0","0","0"
"0","C","8","40","60","7","　　　年　　月","5","ﾈﾝｹﾞﾂ","2","2","5","2","0","0","0","0","0","0"
"0","C","8","40","61","10","　　　年　　月　　日","7","ﾈﾝｶﾞｯﾋﾟ","2","2","5","2","8","2","0","0","0","0"
"0","C","8","40","62","4","　　　回","2","ｶｲ","2","2","0","0","0","0","0","0","0","0"
"0","C","8","40","63","5","　　　　分","2","ﾌﾝ","2","3","0","0","0","0","0","0","0","0"
"0","C","8","40","64","7","　　　時　　分","4","ｼﾞﾌﾝ","2","2","5","2","0","0","0","0","0","0"
"0","C","8","40","65","8","　　　日〜　　日","2","ﾆﾁ","2","2","6","2","0","0","0","0","0","0"
"0","C","8","40","66","8","訪問診療　　　日","9","ﾎｳﾓﾝｼﾝﾘｮｳ","6","2","0","0","0","0","0","0","0","0"
"0","C","8","40","67","9","初診料算定　　　日","11","ｼｮｼﾝﾘｮｳｻﾝﾃｲ","7","2","0","0","0","0","0","0","0","0"
"0","C","8","40","68","16","動脈血酸素濃度分圧　　　Ｔｏｒｒ","20","ﾄﾞｳﾐｬｸｹﾂｻﾝｿﾉｳﾄﾞﾌﾞﾝｱﾂ","11","2","0","0","0","0","0","0","0","0"
"0","C","8","40","69","13","動脈血酸素飽和度　　　　％","16","ﾄﾞｳﾐｬｸｹﾂｻﾝｿﾎｳﾜﾄﾞ","10","3","0","0","0","0","0","0","0","0"
"0","C","8","40","70","16","インターフェロン投与開始　　　日","14","ｲﾝﾀｰﾌｪﾛﾝﾄｳﾖｶｲｼ","14","2","0","0","0","0","0","0","0","0"
"0","C","8","40","71","11","（緊画）　　　日　　時","4","ｷﾝｶｸ","6","2","9","2","0","0","0","0","0","0"
"0","C","8","40","72","16","　　日　　　　　床から　　　　床","10","ﾆﾁｼｮｳｶﾗｼｮｳ","1","2","5","4","12","4","0","0","0","0"
"0","C","8","40","73","13","訪問看護指示料算定　　　日","18","ﾎｳﾓﾝｶﾝｺﾞｼｼﾞﾘｮｳｻﾝﾃｲ","11","2","0","0","0","0","0","0","0","0"
"0","C","8","40","74","7","　　　日　　時","4","ﾆﾁｼﾞ","2","2","5","2","0","0","0","0","0","0"
"0","C","8","40","75","10","受傷日　　　月　　日","8","ｼﾞｭｼｮｳﾋﾞ","5","2","8","2","0","0","0","0","0","0"
"0","C","8","40","76","12","治療開始日　　　月　　日","9","ﾁﾘｮｳｶｲｼﾋﾞ","7","2","10","2","0","0","0","0","0","0"
"0","C","8","40","77","11","臓器移植　　　月　　日","8","ｿﾞｳｷｲｼｮｸ","6","2","9","2","0","0","0","0","0","0"
"0","C","8","40","78","18","療養費同意書交付　　　年　　月　　日","15","ﾘｮｳﾖｳﾋﾄﾞｳｲｼｮｺｳﾌ","10","2","13","2","16","2","0","0","0","0"
"0","C","8","40","79","17","精神科退院前訪問指導料算定　　　日","20","ｾｲｼﾝｶﾀｲｲﾝｾﾞﾝﾎｳﾓﾝｼﾄﾞｳ","15","2","0","0","0","0","0","0","0","0"
"0","C","8","40","80","21","精神科急性期治療病棟入院料算定開始　　　日","20","ｾｲｼﾝｶｷｭｳｾｲｷﾁﾘｮｳﾋﾞｮｳﾄ","19","2","0","0","0","0","0","0","0","0"
"0","C","8","40","81","12","治験期間外実施日　　　日","15","ﾁｹﾝｷｶﾝｶﾞｲｼﾞｯｼﾋﾞ","10","2","0","0","0","0","0","0","0","0"
"0","C","8","40","82","12","患者体重　　　　　　　ｇ","11","ｶﾝｼﾞｬﾀｲｼﾞｭｳ","6","6","0","0","0","0","0","0","0","0"
"0","C","8","40","83","13","皮膚潰瘍Ｓｈｅａ分類　　度","15","ﾋﾌｶｲﾖｳSHEAﾌﾞﾝﾙｲ","12","1","0","0","0","0","0","0","0","0"
"0","C","8","40","84","22","改訂長谷川式簡易知能評価スケール合計　　　点","20","ｶｲﾃｲﾊｾｶﾞﾜｼｷｶﾝｲﾁﾉｳﾋｮｳ","20","2","0","0","0","0","0","0","0","0"
"0","C","8","40","85","11","初回実施　　　月　　日","8","ｼｮｶｲｼﾞｯｼ","6","2","9","2","0","0","0","0","0","0"
"0","C","8","40","86","11","通算実施回数（　　回）","12","ﾂｳｻﾝｼﾞｯｼｶｲｽｳ","8","2","0","0","0","0","0","0","0","0"
"0","C","8","40","87","11","前回実施　　　月　　日","9","ｾﾞﾝｶｲｼﾞｯｼ","6","2","9","2","0","0","0","0","0","0"
"0","C","8","40","88","13","入　院　　　年　　月　　日","12","ﾆｭｳｲﾝﾈﾝｶﾞｯﾋﾟ","5","2","8","2","11","2","0","0","0","0"
"0","C","8","40","89","19","高カロリー静脈栄養法開始　　　月　　日","20","ｺｳｶﾛﾘｰｼﾞｮｳﾐｬｸｴｲﾖｳﾎｳｶ","14","2","17","2","0","0","0","0","0","0"
"0","C","8","40","90","11","手術予定　　　月　　日","9","ｼｭｼﾞｭﾂﾖﾃｲ","6","2","9","2","0","0","0","0","0","0"
"0","C","8","40","91","6","評価　　　日","4","ﾋｮｳｶ","4","2","0","0","0","0","0","0","0","0"
"0","C","8","40","92","11","他（受診日数：　　日）","1","ﾀ","8","2","0","0","0","0","0","0","0","0"
"0","C","8","40","93","14","対象調剤　　　年　　月　　日","11","ﾀｲｼｮｳﾁｮｳｻﾞｲ","6","2","9","2","12","2","0","0","0","0"
"0","C","8","40","94","10","投薬日数　　　　日分","8","ﾄｳﾔｸﾆｯｽｳ","6","3","0","0","0","0","0","0","0","0"
"0","C","8","40","95","14","服薬期間中指導　　　月　　日","14","ﾌｸﾔｸｷｶﾝﾁｭｳｼﾄﾞｳ","9","2","12","2","0","0","0","0","0","0"
"0","C","8","40","96","8","実施日数　　　日","8","ｼﾞｯｼﾆｯｽｳ","6","2","0","0","0","0","0","0","0","0"
"0","C","8","40","97","11","初回算定　　　月　　日","8","ｼｮｶｲｻﾝﾃｲ","6","2","9","2","0","0","0","0","0","0"
"0","C","8","40","98","15","第１回目治療管理　　　月　　日","15","ﾀﾞｲｲｯｶｲﾒﾁﾘｮｳｶﾝﾘ","10","2","13","2","0","0","0","0","0","0"
"0","C","8","40","99","7","検査日　　　日","5","ｹﾝｻﾋﾞ","5","2","0","0","0","0","0","0","0","0"
"0","C","8","40","100","12","電子媒体保存撮影　　　回","17","ﾃﾞﾝｼﾊﾞｲﾀｲﾎｿﾞﾝｻﾂｴｲ","10","2","0","0","0","0","0","0","0","0"
"0","C","8","40","101","11","急性増悪　　　月　　日","10","ｷｭｳｾｲｿﾞｳｱｸ","6","2","9","2","0","0","0","0","0","0"
"0","C","8","40","102","17","在宅患者訪問薬剤管理指導日　　　日","20","ｻﾞｲﾀｸｶﾝｼﾞｬﾎｳﾓﾝﾔｸｻﾞｲｶ","15","2","0","0","0","0","0","0","0","0"
"0","C","8","40","103","7","ＡＤＬ　　　点","3","ADL","5","2","0","0","0","0","0","0","0","0"
"0","C","8","40","104","25","小児特定第１回目カウンセリング　　　年　　月　　日","20","ｼｮｳﾆﾄｸﾃｲﾀﾞｲ1ｶｲﾒｶｳﾝｾﾘ","17","2","20","2","23","2","0","0","0","0"
"0","C","8","40","105","14","　　　時　　分〜　　時　　分","4","ｼﾞﾌﾝ","2","2","5","2","9","2","12","2","0","0"
"0","C","8","40","106","17","薬剤服用歴管理指導料算定日　　　日","20","ﾔｸｻﾞｲﾌｸﾖｳﾚｷｶﾝﾘｼﾄﾞｳﾘｮ","15","2","0","0","0","0","0","0","0","0"
"0","C","8","40","107","22","後期高齢者薬剤服用歴管理指導料算定日　　　日","20","ｺｳｷｺｳﾚｲｼｬﾔｸｻﾞｲﾌｸﾖｳﾚｷ","20","2","0","0","0","0","0","0","0","0"
"0","C","8","40","108","17","服薬期間中情報提供日　　　月　　日","20","ﾌｸﾔｸｷｶﾝﾁｭｳｼﾞｮｳﾎｳﾃｲｷｮ","12","2","15","2","0","0","0","0","0","0"
"0","C","8","40","109","11","服薬管理支援日　　　日","12","ﾌｸﾔｸｶﾝﾘｼｴﾝﾋﾞ","9","2","0","0","0","0","0","0","0","0"
"0","C","8","40","110","12","退院時共同指導日　　　日","18","ﾀｲｲﾝｼﾞｷｮｳﾄﾞｳｼﾄﾞｳﾋﾞ","10","2","0","0","0","0","0","0","0","0"
"0","C","8","40","111","15","文書等提供　　　年　　月　　日","12","ﾌﾞﾝｼｮﾄｳﾃｲｷｮｳ","7","2","10","2","13","2","0","0","0","0"
"0","C","8","40","112","27","精神科急性期治療病棟入院料算定開始　　　年　　月　　日","20","ｾｲｼﾝｶｷｭｳｾｲｷﾁﾘｮｳﾋﾞｮｳﾄ","19","2","22","2","25","2","0","0","0","0"
"0","C","8","40","113","14","（緊検）　　　日　　時　　分","4","ｷﾝｹﾝ","6","2","9","2","12","2","0","0","0","0"
"0","C","8","40","114","14","（緊画）　　　日　　時　　分","4","ｷﾝｶｸ","6","2","9","2","12","2","0","0","0","0"
"0","C","8","40","115","10","　　　日　　時　　分","6","ﾆﾁｼﾞﾌﾝ","2","2","5","2","8","2","0","0","0","0"
"0","C","8","40","117","14","補管算定　　　年　　月　　日","7","ﾎｶﾝｻﾝﾃｲ","6","2","9","2","12","2","0","0","0","0"
"0","C","8","40","118","18","直接歯髄覆罩算定　　　年　　月　　日","17","ﾁｮｸｾﾂｼｽﾞｲﾌｸﾄｳｻﾝﾃｲ","10","2","13","2","16","2","0","0","0","0"
"0","C","8","40","119","20","非侵襲性歯髄覆罩算定　　　年　　月　　日","20","ﾋｼﾝｼｭｳｾｲｼｽﾞｲﾌｸﾄｳｻﾝﾃｲ","12","2","15","2","18","2","0","0","0","0"
"0","C","8","40","120","22","歯面清掃２回目以降（前回算定　　　年　　月）","14","ｼﾒﾝｾｲｿｳ2ｶｲﾒｲｺｳ","16","2","19","2","0","0","0","0","0","0"
"0","C","8","40","121","7","ＭＭＧ　　　日","3","MMG","5","2","0","0","0","0","0","0","0","0"
"0","C","8","40","122","7","ＣｈＢ　　　日","3","CHB","5","2","0","0","0","0","0","0","0","0"
"0","C","8","40","123","7","ＧｏＡ　　　日","3","GOA","5","2","0","0","0","0","0","0","0","0"
"0","C","8","40","124","7","Ｐｔｇ　　　日","3","PTG","5","2","0","0","0","0","0","0","0","0"
"0","C","8","40","125","16","療養病棟入院期間　　　日〜　　日","19","ﾘｮｳﾖｳﾋﾞｮｳﾄｳﾆｭｳｲﾝｷｶﾝ","10","2","14","2","0","0","0","0","0","0"
"0","C","8","40","126","17","ＡＤＬａ　ベッド上の可動性　　　点","20","ADLAﾍﾞｯﾄﾞｼﾞｮｳﾉｶﾄﾞｳｾｲ","15","2","0","0","0","0","0","0","0","0"
"0","C","8","40","127","11","ＡＤＬｂ　移乗　　　点","9","ADLBｲｼﾞｮｳ","9","2","0","0","0","0","0","0","0","0"
"0","C","8","40","128","11","ＡＤＬｃ　食事　　　点","9","ADLCｼｮｸｼﾞ","9","2","0","0","0","0","0","0","0","0"
"0","C","8","40","129","15","ＡＤＬｄ　トイレの使用　　　点","11","ADLDﾄｲﾚﾉｼﾖｳ","13","2","0","0","0","0","0","0","0","0"
"0","C","8","40","130","14","出血量　　　　　　　　　ｍｌ","8","ｼｭｯｹﾂﾘｮｳ","5","8","0","0","0","0","0","0","0","0"
"0","C","8","40","131","12","　　日　　時　　分　開始","9","ﾆﾁｼﾞﾌﾝｶｲｼ","1","2","4","2","7","2","0","0","0","0"
"0","C","8","40","132","12","　　日　　時　　分　終了","12","ﾆﾁｼﾞﾌﾝｼｭｳﾘｮｳ","1","2","4","2","7","2","0","0","0","0"
"0","C","8","40","133","20","造血幹細胞移植実施日　　　年　　月　　日","20","ｿﾞｳｹﾂｶﾝｻｲﾎﾞｳｲｼｮｸｼﾞｯｼ","12","2","15","2","18","2","0","0","0","0"
"0","C","8","40","134","16","療養病床入院期間　　　日〜　　日","20","ﾘｮｳﾖｳﾋﾞｮｳｼｮｳﾆｭｳｲﾝｷｶﾝ","10","2","14","2","0","0","0","0","0","0"
"3","C","8","40","136","31","標準負担額経過措置（精神）入院年月日：平成　　　年　　月　　日","20","ﾋｮｳｼﾞｭﾝﾌﾀﾝｶﾞｸｹｲｶｿﾁﾆｭ","23","2","26","2","29","2","0","0","0","0"
"3","C","8","40","137","18","かかりつけ薬剤師指導料算定日　　　日","20","ｶｶﾘﾂｹﾔｸｻﾞｲｼｼﾄﾞｳﾘｮｳｻﾝ","16","2","0","0","0","0","0","0","0","0"
"3","C","8","40","138","20","かかりつけ薬剤師包括管理料算定日　　　日","20","ｶｶﾘﾂｹﾔｸｻﾞｲｼﾎｳｶﾂｶﾝﾘﾘｮ","18","2","0","0","0","0","0","0","0","0"
"3","C","8","40","139","30","内服薬が減少する前後の種類数（前　　　種類）（後　　　種類）","20","ﾅｲﾌｸﾔｸｶﾞｹﾞﾝｼｮｳｽﾙｾﾞﾝｺ","18","2","26","2","0","0","0","0","0","0"
"9","C","8","41","1","13","入　院　　　年　　月　　日","5","ﾆｭｳｲﾝ","5","2","8","2","11","2","0","0","0","0"
"0","C","8","90","1","0","","0","","0","0","0","0","0","0","0","0","0","0"
